Dataset,Trees,Depth,Time,Accuracy
Iris,10,10,1.00,0.9470198675496688
SUSY,10,10,401.00,0.791648
